-- ソラしどファーム シードデータ

-- 品種
INSERT INTO varieties (id, name, expected_quantity) VALUES
  ('a1000000-0000-0000-0000-000000000001', 'シャインマスカット', 100),
  ('a1000000-0000-0000-0000-000000000002', 'ゴルビー', 80),
  ('a1000000-0000-0000-0000-000000000003', 'BKシードレス', 60),
  ('a1000000-0000-0000-0000-000000000004', 'ピオーネ', 50),
  ('a1000000-0000-0000-0000-000000000005', '巨峰', 70);

-- セット商品
INSERT INTO sets (id, name, price, is_active) VALUES
  ('b1000000-0000-0000-0000-000000000001', 'お盆セット', 2500, true),
  ('b1000000-0000-0000-0000-000000000002', 'プレミアムセット', 4000, true);

-- セット構成
INSERT INTO set_items (set_id, variety_id, quantity) VALUES
  ('b1000000-0000-0000-0000-000000000001', 'a1000000-0000-0000-0000-000000000003', 1), -- BKシードレス
  ('b1000000-0000-0000-0000-000000000001', 'a1000000-0000-0000-0000-000000000001', 1), -- シャインマスカット
  ('b1000000-0000-0000-0000-000000000001', 'a1000000-0000-0000-0000-000000000002', 1), -- ゴルビー
  ('b1000000-0000-0000-0000-000000000002', 'a1000000-0000-0000-0000-000000000001', 1), -- シャインマスカット
  ('b1000000-0000-0000-0000-000000000002', 'a1000000-0000-0000-0000-000000000002', 1); -- ゴルビー

-- 予約サンプル
INSERT INTO reservations (id, customer_name, phone, address, desired_date, desired_time, delivery_method, items_note, memo, status) VALUES
  ('c1000000-0000-0000-0000-000000000001', '田中太郎', '090-1234-5678', '岡山県岡山市北区1-1-1', '2026-08-10', '午前', '配達', 'お盆セット×2', 'お盆用、のし付き希望', '確定'),
  ('c1000000-0000-0000-0000-000000000002', '山本花子', '080-9876-5432', '岡山県倉敷市2-2-2', '2026-08-15', '午後', '配送', 'シャインマスカット3房', '', '仮予約');

-- 注文サンプル
INSERT INTO orders (id, reservation_id, customer_name, phone, address, has_box, packing_note, scheduled_date, scheduled_time, delivery_method, shipping_fee, payment_method, subtotal, total, status) VALUES
  ('d1000000-0000-0000-0000-000000000001', 'c1000000-0000-0000-0000-000000000001', '田中太郎', '090-1234-5678', '岡山県岡山市北区1-1-1', true, '2箱に分ける', '2026-08-10', '午前', '配達', 0, '現金', 5000, 5000, '確定'),
  ('d1000000-0000-0000-0000-000000000002', NULL, '佐藤一郎', '070-1111-2222', '東京都渋谷区3-3-3', true, '', '2026-08-12', '指定なし', '配送', 1500, 'PayPay', 4000, 5500, '準備中'),
  ('d1000000-0000-0000-0000-000000000003', NULL, '鈴木次郎', '090-3333-4444', '', false, '', '2026-08-10', '10:00', '店頭受取', 0, '未収', 2500, 2500, '確定');

-- 注文明細
INSERT INTO order_items (order_id, variety_id, set_id, quantity, unit_price) VALUES
  ('d1000000-0000-0000-0000-000000000001', NULL, 'b1000000-0000-0000-0000-000000000001', 2, 2500),
  ('d1000000-0000-0000-0000-000000000002', NULL, 'b1000000-0000-0000-0000-000000000002', 1, 4000),
  ('d1000000-0000-0000-0000-000000000003', 'a1000000-0000-0000-0000-000000000001', NULL, 2, 1000),
  ('d1000000-0000-0000-0000-000000000003', 'a1000000-0000-0000-0000-000000000002', NULL, 1, 500);
